{"cameraMode":{"drawMode":0,"name":"Shaded","section":"Shading Mode"},"sceneLighting":false,"audioPlay":false,"sceneViewState":{"m_AlwaysRefresh":false,"showFog":false,"showSkybox":false,"showFlares":false,"showImageEffects":false,"showParticleSystems":false,"showVisualEffectGraphs":true,"m_FxEnabled":true},"in2DMode":false,"pivot":{"x":-0.0000024139881134033205,"y":0.3375464677810669,"z":0.017673309892416},"rotation":{"x":-0.2174081802368164,"y":0.6752358675003052,"z":-0.21918067336082459,"w":-0.6700420379638672},"size":0.5413392782211304,"orthographic":false}